"point_id","year","soc_stock_g_m2","code_muni","name_muni","code_state","abbrev_state","name_state","code_region","name_region","geometry"
"ctb0033-RO1153",1996,7210,1100205,"Porto Velho",11,"RO","Rondônia",1,"Norte",c(-63.65805556, -9.71361111)
"ctb0033-RO1470",1996,5432,1100205,"Porto Velho",11,"RO","Rondônia",1,"Norte",c(-64.14805556, -9.55833333)
"ctb0033-RO1893",1996,3135,1100205,"Porto Velho",11,"RO","Rondônia",1,"Norte",c(-64.44416667, -9.19972222)
"ctb0033-RO1894",1996,2481,1100205,"Porto Velho",11,"RO","Rondônia",1,"Norte",c(-64.44277778, -9.19888889)
"ctb0033-RO1895",1996,1895,1100205,"Porto Velho",11,"RO","Rondônia",1,"Norte",c(-64.43194444, -9.21722222)
"ctb0033-RO1896",1996,1560,1100205,"Porto Velho",11,"RO","Rondônia",1,"Norte",c(-64.43722222, -9.27333333)
"ctb0033-RO1897",1996,1999,1100205,"Porto Velho",11,"RO","Rondônia",1,"Norte",c(-64.50111111, -9.21222222)
"ctb0033-RO1898",1996,5834,1100205,"Porto Velho",11,"RO","Rondônia",1,"Norte",c(-64.5325, -9.24166667)
"ctb0033-RO1899",1996,3912,1100205,"Porto Velho",11,"RO","Rondônia",1,"Norte",c(-64.60666667, -9.24138889)
"ctb0033-RO2000",1996,1282,1100205,"Porto Velho",11,"RO","Rondônia",1,"Norte",c(-64.44777778, -9.52305556)
"ctb0033-RO2080",1996,2208,1100205,"Porto Velho",11,"RO","Rondônia",1,"Norte",c(-64.41388889, -9.24722222)
"ctb0033-RO2322",1996,2322,1100205,"Porto Velho",11,"RO","Rondônia",1,"Norte",c(-63.01305556, -8.11611111)
"ctb0033-RO2323",1996,7771,1100205,"Porto Velho",11,"RO","Rondônia",1,"Norte",c(-62.89055556, -8.12194444)
"ctb0033-RO2324",1996,4362,1100205,"Porto Velho",11,"RO","Rondônia",1,"Norte",c(-62.86416667, -8.18222222)
"ctb0033-RO2325",1996,4007,1100205,"Porto Velho",11,"RO","Rondônia",1,"Norte",c(-62.87861111, -8.18138889)
"ctb0033-RO2326",1996,4719,1100205,"Porto Velho",11,"RO","Rondônia",1,"Norte",c(-62.89138889, -8.21027778)
"ctb0033-RO2327",1996,540,1100205,"Porto Velho",11,"RO","Rondônia",1,"Norte",c(-62.89111111, -8.22027778)
"ctb0033-RO2328",1996,1677,1100205,"Porto Velho",11,"RO","Rondônia",1,"Norte",c(-62.86638889, -8.22166667)
"ctb0033-RO2329",1996,2610,1100205,"Porto Velho",11,"RO","Rondônia",1,"Norte",c(-62.90722222, -8.32055556)
"ctb0033-RO2330",1996,2349,1100205,"Porto Velho",11,"RO","Rondônia",1,"Norte",c(-62.89166667, -8.29138889)
"ctb0033-RO2331",1996,3320,1100205,"Porto Velho",11,"RO","Rondônia",1,"Norte",c(-62.86861111, -8.25833333)
"ctb0033-RO2335",1996,2081,1100205,"Porto Velho",11,"RO","Rondônia",1,"Norte",c(-62.98388889, -8.48722222)
"ctb0033-RO2336",1996,1479,1100205,"Porto Velho",11,"RO","Rondônia",1,"Norte",c(-62.96583333, -8.43944444)
"ctb0033-RO2337",1996,1500,1100205,"Porto Velho",11,"RO","Rondônia",1,"Norte",c(-63.02027778, -8.39888889)
"ctb0033-RO2338",1996,5377,1100205,"Porto Velho",11,"RO","Rondônia",1,"Norte",c(-63.01194444, -8.37611111)
"ctb0033-RO2339",1996,1909,1100205,"Porto Velho",11,"RO","Rondônia",1,"Norte",c(-62.99805556, -8.35472222)
"ctb0033-RO2340",1996,2253,1100205,"Porto Velho",11,"RO","Rondônia",1,"Norte",c(-63.00166667, -8.35111111)
"ctb0033-RO2341",1996,3421,1100205,"Porto Velho",11,"RO","Rondônia",1,"Norte",c(-63.00611111, -8.28305556)
"ctb0033-RO2342",1996,2158,1100205,"Porto Velho",11,"RO","Rondônia",1,"Norte",c(-62.98444444, -8.20888889)
"ctb0033-RO2378",1996,4480,1100205,"Porto Velho",11,"RO","Rondônia",1,"Norte",c(-63.91472222, -8.68277778)
"ctb0033-RO2379",1996,941,1100205,"Porto Velho",11,"RO","Rondônia",1,"Norte",c(-63.90305556, -8.67166667)
"ctb0033-RO2380",1996,3247,1100205,"Porto Velho",11,"RO","Rondônia",1,"Norte",c(-63.85666667, -8.64416667)
"ctb0033-RO2381",1996,2027,1100205,"Porto Velho",11,"RO","Rondônia",1,"Norte",c(-63.70944444, -8.69055556)
"ctb0033-RO2382",1996,2790,1100205,"Porto Velho",11,"RO","Rondônia",1,"Norte",c(-63.75583333, -8.70083333)
"ctb0033-RO2383",1996,6757,1100205,"Porto Velho",11,"RO","Rondônia",1,"Norte",c(-63.77972222, -8.71527778)
"ctb0033-RO2384",1996,2245,1100205,"Porto Velho",11,"RO","Rondônia",1,"Norte",c(-63.84611111, -8.69694444)
"ctb0033-RO2385",1996,2723,1100205,"Porto Velho",11,"RO","Rondônia",1,"Norte",c(-63.82888889, -8.67333333)
"ctb0033-RO2386",1996,3974,1100205,"Porto Velho",11,"RO","Rondônia",1,"Norte",c(-63.7725, -8.65555556)
"ctb0033-RO2387",1996,3812,1100205,"Porto Velho",11,"RO","Rondônia",1,"Norte",c(-63.72805556, -8.61166667)
"ctb0033-RO2388",1996,3834,1100205,"Porto Velho",11,"RO","Rondônia",1,"Norte",c(-63.72166667, -8.65888889)
"ctb0033-RO2389",1996,2773,1100205,"Porto Velho",11,"RO","Rondônia",1,"Norte",c(-63.69722222, -8.64472222)
"ctb0033-RO2390",1996,2472,1100205,"Porto Velho",11,"RO","Rondônia",1,"Norte",c(-63.64138889, -8.62583333)
"ctb0033-RO2391",1996,3622,1100205,"Porto Velho",11,"RO","Rondônia",1,"Norte",c(-63.6, -8.65944444)
"ctb0033-RO2392",1996,1663,1100205,"Porto Velho",11,"RO","Rondônia",1,"Norte",c(-63.63777778, -8.6975)
"ctb0033-RO2393",1996,1427,1100205,"Porto Velho",11,"RO","Rondônia",1,"Norte",c(-63.57861111, -8.62472222)
"ctb0033-RO2394",1996,1367,1100205,"Porto Velho",11,"RO","Rondônia",1,"Norte",c(-63.68, -8.59583333)
"ctb0033-RO2395",1996,3067,1100205,"Porto Velho",11,"RO","Rondônia",1,"Norte",c(-63.91722222, -8.80277778)
"ctb0033-RO2396",1996,3094,1100205,"Porto Velho",11,"RO","Rondônia",1,"Norte",c(-63.96222222, -8.83861111)
"ctb0033-RO2397",1996,3744,1100205,"Porto Velho",11,"RO","Rondônia",1,"Norte",c(-63.97666667, -8.90472222)
"ctb0033-RO2398",1996,3292,1100205,"Porto Velho",11,"RO","Rondônia",1,"Norte",c(-64.01444444, -8.92888889)
"ctb0033-RO2399",1996,2103,1100205,"Porto Velho",11,"RO","Rondônia",1,"Norte",c(-63.93666667, -8.83472222)
"ctb0033-RO2900",1996,4663,1100205,"Porto Velho",11,"RO","Rondônia",1,"Norte",c(-64.595, -9.28)
"ctb0033-RO2901",1996,2207,1100205,"Porto Velho",11,"RO","Rondônia",1,"Norte",c(-64.61388889, -9.30861111)
"ctb0033-RO2902",1996,2156,1100205,"Porto Velho",11,"RO","Rondônia",1,"Norte",c(-64.64944444, -9.37833333)
"ctb0033-RO2903",1996,3960,1100205,"Porto Velho",11,"RO","Rondônia",1,"Norte",c(-64.64944444, -9.37833333)
"ctb0033-RO2904",1996,1714,1100205,"Porto Velho",11,"RO","Rondônia",1,"Norte",c(-64.64638889, -9.37166667)
"ctb0033-RO2905",1996,838,1100205,"Porto Velho",11,"RO","Rondônia",1,"Norte",c(-64.65861111, -9.36138889)
"ctb0033-RO2906",1996,1970,1100205,"Porto Velho",11,"RO","Rondônia",1,"Norte",c(-64.55972222, -9.45555556)
"ctb0033-RO2907",1996,7470,1100205,"Porto Velho",11,"RO","Rondônia",1,"Norte",c(-64.61805556, -9.44333333)
"ctb0033-RO2908",1996,2287,1100205,"Porto Velho",11,"RO","Rondônia",1,"Norte",c(-64.65222222, -9.46722222)
"ctb0033-RO2909",1996,2650,1100205,"Porto Velho",11,"RO","Rondônia",1,"Norte",c(-64.66416667, -9.30833333)
"ctb0033-RO2910",1996,1768,1100205,"Porto Velho",11,"RO","Rondônia",1,"Norte",c(-64.68916667, -9.33638889)
"ctb0033-RO2911",1996,2058,1100205,"Porto Velho",11,"RO","Rondônia",1,"Norte",c(-64.67694444, -9.35361111)
"ctb0033-RO2912",1996,1911,1100205,"Porto Velho",11,"RO","Rondônia",1,"Norte",c(-64.74694444, -9.37722222)
"ctb0033-RO2913",1996,1581,1100205,"Porto Velho",11,"RO","Rondônia",1,"Norte",c(-64.74694444, -9.38777778)
"ctb0033-RO2914",1996,4739,1100205,"Porto Velho",11,"RO","Rondônia",1,"Norte",c(-64.71166667, -9.40777778)
"ctb0033-RO2915",1996,3638,1100205,"Porto Velho",11,"RO","Rondônia",1,"Norte",c(-64.83416667, -9.63694444)
"ctb0033-RO2916",1996,2871,1100205,"Porto Velho",11,"RO","Rondônia",1,"Norte",c(-64.85, -9.64472222)
"ctb0033-RO2917",1996,8600,1100205,"Porto Velho",11,"RO","Rondônia",1,"Norte",c(-65.36611111, -9.68583333)
"ctb0033-RO2918",1996,1904,1100205,"Porto Velho",11,"RO","Rondônia",1,"Norte",c(-65.43638889, -9.66583333)
"ctb0033-RO2919",1996,2407,1100205,"Porto Velho",11,"RO","Rondônia",1,"Norte",c(-65.40138889, -9.67527778)
"ctb0033-RO2920",1996,2613,1100205,"Porto Velho",11,"RO","Rondônia",1,"Norte",c(-65.32611111, -9.73583333)
"ctb0033-RO2921",1996,3634,1100205,"Porto Velho",11,"RO","Rondônia",1,"Norte",c(-65.29972222, -9.76972222)
"ctb0033-RO2922",1996,1357,1100205,"Porto Velho",11,"RO","Rondônia",1,"Norte",c(-65.29222222, -9.81027778)
"ctb0033-RO2923",1996,2115,1100205,"Porto Velho",11,"RO","Rondônia",1,"Norte",c(-65.27166667, -9.84944444)
"ctb0033-RO2926",1996,2000,1100205,"Porto Velho",11,"RO","Rondônia",1,"Norte",c(-65.28055556, -9.93777778)
"ctb0033-RO2927",1996,5445,1100205,"Porto Velho",11,"RO","Rondônia",1,"Norte",c(-65.25416667, -9.69111111)
"ctb0033-RO2928",1996,2586,1100205,"Porto Velho",11,"RO","Rondônia",1,"Norte",c(-65.25138889, -9.71)
"ctb0033-RO2929",1996,5442,1100205,"Porto Velho",11,"RO","Rondônia",1,"Norte",c(-65.25861111, -9.72388889)
"ctb0033-RO2930",1996,4512,1100205,"Porto Velho",11,"RO","Rondônia",1,"Norte",c(-65.23527778, -9.76694444)
"ctb0033-RO2931",1996,2844,1100205,"Porto Velho",11,"RO","Rondônia",1,"Norte",c(-65.24361111, -9.80611111)
"ctb0033-RO2932",1996,4858,1100205,"Porto Velho",11,"RO","Rondônia",1,"Norte",c(-65.24916667, -9.82444444)
"ctb0033-RO2933",1996,4087,1100205,"Porto Velho",11,"RO","Rondônia",1,"Norte",c(-65.27416667, -9.91333333)
"ctb0033-RO2934",1996,3312,1100205,"Porto Velho",11,"RO","Rondônia",1,"Norte",c(-65.10111111, -9.76611111)
"ctb0033-RO2935",1996,2709,1100205,"Porto Velho",11,"RO","Rondônia",1,"Norte",c(-65.13138889, -9.745)
"ctb0033-RO2936",1996,4111,1100205,"Porto Velho",11,"RO","Rondônia",1,"Norte",c(-64.76055556, -9.50305556)
"ctb0033-RO2937",1996,3409,1100205,"Porto Velho",11,"RO","Rondônia",1,"Norte",c(-64.63194444, -9.44194444)
"ctb0033-RO2938",1996,3086,1100205,"Porto Velho",11,"RO","Rondônia",1,"Norte",c(-64.56194444, -9.43194444)
"ctb0033-RO2939",1996,2006,1100205,"Porto Velho",11,"RO","Rondônia",1,"Norte",c(-65.52666667, -9.77083333)
"ctb0033-RO2940",1996,3031,1100205,"Porto Velho",11,"RO","Rondônia",1,"Norte",c(-65.55555556, -9.74527778)
"ctb0033-RO2941",1996,2649,1100205,"Porto Velho",11,"RO","Rondônia",1,"Norte",c(-65.55416667, -9.64583333)
"ctb0033-RO2942",1996,2437,1100205,"Porto Velho",11,"RO","Rondônia",1,"Norte",c(-65.53638889, -9.70388889)
"ctb0033-RO2943",1996,4917,1100205,"Porto Velho",11,"RO","Rondônia",1,"Norte",c(-65.53527778, -9.69916667)
"ctb0033-RO2944",1996,2438,1100205,"Porto Velho",11,"RO","Rondônia",1,"Norte",c(-65.44972222, -9.66861111)
"ctb0033-RO2945",1996,6399,1100205,"Porto Velho",11,"RO","Rondônia",1,"Norte",c(-65.49444444, -9.65861111)
"ctb0033-RO2946",1996,4132,1100205,"Porto Velho",11,"RO","Rondônia",1,"Norte",c(-65.56055556, -9.81055556)
"ctb0033-RO2947",1996,1807,1100205,"Porto Velho",11,"RO","Rondônia",1,"Norte",c(-65.5725, -9.81777778)
"ctb0033-RO2948",1996,2081,1100205,"Porto Velho",11,"RO","Rondônia",1,"Norte",c(-65.61083333, -9.82333333)
"ctb0033-RO2949",1996,2847,1100205,"Porto Velho",11,"RO","Rondônia",1,"Norte",c(-65.64805556, -9.79138889)
"ctb0033-RO2950",1996,2414,1100205,"Porto Velho",11,"RO","Rondônia",1,"Norte",c(-65.70361111, -9.80777778)
"ctb0033-RO2951",1996,1696,1100205,"Porto Velho",11,"RO","Rondônia",1,"Norte",c(-65.68472222, -9.72694444)
"ctb0033-RO2952",1996,2109,1100205,"Porto Velho",11,"RO","Rondônia",1,"Norte",c(-65.68527778, -9.74055556)
"ctb0033-RO2953",1996,2081,1100205,"Porto Velho",11,"RO","Rondônia",1,"Norte",c(-65.735686, -9.764905)
"ctb0033-RO2954",1996,2236,1100205,"Porto Velho",11,"RO","Rondônia",1,"Norte",c(-65.58722222, -9.71055556)
"ctb0033-RO2955",1996,2722,1100205,"Porto Velho",11,"RO","Rondônia",1,"Norte",c(-65.60527778, -9.6625)
"ctb0033-RO2956",1996,5223,1100205,"Porto Velho",11,"RO","Rondônia",1,"Norte",c(-65.6475, -9.68777778)
"ctb0033-RO2957",1996,4706,1100205,"Porto Velho",11,"RO","Rondônia",1,"Norte",c(-65.70055556, -9.53555556)
"ctb0033-RO2958",1996,1671,1100205,"Porto Velho",11,"RO","Rondônia",1,"Norte",c(-65.70083333, -9.57638889)
"ctb0033-RO2959",1996,5539,1100205,"Porto Velho",11,"RO","Rondônia",1,"Norte",c(-65.65416667, -9.56305556)
"ctb0033-RO2960",1996,6758,1100205,"Porto Velho",11,"RO","Rondônia",1,"Norte",c(-65.67555556, -9.60861111)
"ctb0033-RO2961",1996,5196,1100205,"Porto Velho",11,"RO","Rondônia",1,"Norte",c(-65.68555556, -9.63861111)
"ctb0033-RO2963",1996,2978,1100205,"Porto Velho",11,"RO","Rondônia",1,"Norte",c(-65.98138889, -9.465)
"ctb0033-RO2964",1996,3416,1100205,"Porto Velho",11,"RO","Rondônia",1,"Norte",c(-65.98, -9.50805556)
"ctb0033-RO2965",1996,2315,1100205,"Porto Velho",11,"RO","Rondônia",1,"Norte",c(-65.97416667, -9.57416667)
"ctb0033-RO2966",1996,2774,1100205,"Porto Velho",11,"RO","Rondônia",1,"Norte",c(-65.93222222, -9.57444444)
"ctb0033-RO2967",1996,2437,1100205,"Porto Velho",11,"RO","Rondônia",1,"Norte",c(-66.005, -9.6025)
"ctb0033-RO2968",1996,2588,1100205,"Porto Velho",11,"RO","Rondônia",1,"Norte",c(-65.08916667, -9.67472222)
"ctb0033-RO2969",1996,4428,1100205,"Porto Velho",11,"RO","Rondônia",1,"Norte",c(-64.99305556, -9.64777778)
"ctb0033-RO2970",1996,3656,1100205,"Porto Velho",11,"RO","Rondônia",1,"Norte",c(-65.77333333, -9.68111111)
"ctb0033-RO2971",1996,4142,1100205,"Porto Velho",11,"RO","Rondônia",1,"Norte",c(-65.77722222, -9.7)
"ctb0033-RO2972",1996,3923,1100205,"Porto Velho",11,"RO","Rondônia",1,"Norte",c(-65.81722222, -9.67055556)
"ctb0033-RO2973",1996,2601,1100205,"Porto Velho",11,"RO","Rondônia",1,"Norte",c(-65.90027778, -9.71972222)
"ctb0033-RO2974",1996,3368,1100205,"Porto Velho",11,"RO","Rondônia",1,"Norte",c(-65.91555556, -9.68944444)
"ctb0033-RO2975",1996,3332,1100205,"Porto Velho",11,"RO","Rondônia",1,"Norte",c(-66.69472222, -9.79111111)
"ctb0033-RO2976",1996,2705,1100205,"Porto Velho",11,"RO","Rondônia",1,"Norte",c(-66.63805556, -9.87027778)
"ctb0033-RO2977",1996,2057,1100205,"Porto Velho",11,"RO","Rondônia",1,"Norte",c(-66.63833333, -9.82361111)
"ctb0033-RO2978",1996,2910,1100205,"Porto Velho",11,"RO","Rondônia",1,"Norte",c(-66.59472222, -9.80527778)
"ctb0033-RO2979",1996,5642,1100205,"Porto Velho",11,"RO","Rondônia",1,"Norte",c(-66.74083333, -9.7975)
"ctb0033-RO2980",1996,3733,1100205,"Porto Velho",11,"RO","Rondônia",1,"Norte",c(-66.73472222, -9.83166667)
"ctb0033-RO2981",1996,3463,1100205,"Porto Velho",11,"RO","Rondônia",1,"Norte",c(-66.64805556, -9.74361111)
"ctb0033-RO2983",1996,3318,1100205,"Porto Velho",11,"RO","Rondônia",1,"Norte",c(-66.61388889, -9.73472222)
"ctb0033-RO2984",1996,3208,1100205,"Porto Velho",11,"RO","Rondônia",1,"Norte",c(-66.55722222, -9.83666667)
"ctb0033-RO2985",1996,4510,1100205,"Porto Velho",11,"RO","Rondônia",1,"Norte",c(-66.53944444, -9.79444444)
"ctb0033-RO2986",1996,3965,1100205,"Porto Velho",11,"RO","Rondônia",1,"Norte",c(-66.49166667, -9.77666667)
"ctb0033-RO2987",1996,8606,1100205,"Porto Velho",11,"RO","Rondônia",1,"Norte",c(-66.50166667, -9.69138889)
"ctb0033-RO2988",1996,3012,1100205,"Porto Velho",11,"RO","Rondônia",1,"Norte",c(-66.47694444, -9.60916667)
"ctb0033-RO2989",1996,2713,1100205,"Porto Velho",11,"RO","Rondônia",1,"Norte",c(-66.31194444, -9.73583333)
"ctb0033-RO2990",1996,3067,1100205,"Porto Velho",11,"RO","Rondônia",1,"Norte",c(-66.32166667, -9.66694444)
"ctb0033-RO2991",1996,2432,1100205,"Porto Velho",11,"RO","Rondônia",1,"Norte",c(-66.32055556, -9.59416667)
"ctb0033-RO2993",1996,2998,1100205,"Porto Velho",11,"RO","Rondônia",1,"Norte",c(-66.40388889, -9.74527778)
"ctb0033-RO2994",1996,2035,1100205,"Porto Velho",11,"RO","Rondônia",1,"Norte",c(-66.42805556, -9.86916667)
"ctb0033-RO2995",1996,2455,1100205,"Porto Velho",11,"RO","Rondônia",1,"Norte",c(-66.41972222, -9.84138889)
"ctb0033-RO2996",1996,3026,1100205,"Porto Velho",11,"RO","Rondônia",1,"Norte",c(-66.35361111, -9.83722222)
"ctb0033-RO2997",1996,1438,1100205,"Porto Velho",11,"RO","Rondônia",1,"Norte",c(-66.30944444, -9.80666667)
"ctb0033-RO2998",1996,1579,1100205,"Porto Velho",11,"RO","Rondônia",1,"Norte",c(-66.21833333, -9.80944444)
"ctb0033-RO2999",1996,3666,1100205,"Porto Velho",11,"RO","Rondônia",1,"Norte",c(-66.23555556, -9.64888889)
"ctb0033-RO3300",1996,3554,1100205,"Porto Velho",11,"RO","Rondônia",1,"Norte",c(-66.23888889, -9.69972222)
"ctb0033-RO3301",1996,4201,1100205,"Porto Velho",11,"RO","Rondônia",1,"Norte",c(-66.24416667, -9.74361111)
"ctb0033-RO3302",1996,1885,1100205,"Porto Velho",11,"RO","Rondônia",1,"Norte",c(-66.13111111, -9.76416667)
"ctb0033-RO3303",1996,3631,1100205,"Porto Velho",11,"RO","Rondônia",1,"Norte",c(-66.08527778, -9.70916667)
"ctb0033-RO3304",1996,1680,1100205,"Porto Velho",11,"RO","Rondônia",1,"Norte",c(-66.07638889, -9.76)
"ctb0033-RO3305",1996,5029,1100205,"Porto Velho",11,"RO","Rondônia",1,"Norte",c(-64.49888889, -9.295)
"ctb0033-RO3306",1996,898,1100205,"Porto Velho",11,"RO","Rondônia",1,"Norte",c(-64.5275, -9.52444444)
"ctb0033-RO3307",1996,1739,1100205,"Porto Velho",11,"RO","Rondônia",1,"Norte",c(-64.48055556, -9.51861111)
"ctb0033-RO3308",1996,6466,1100205,"Porto Velho",11,"RO","Rondônia",1,"Norte",c(-64.51833333, -9.45777778)
"ctb0033-RO3309",1996,9632,1100205,"Porto Velho",11,"RO","Rondônia",1,"Norte",c(-64.51694444, -9.42805556)
"ctb0033-RO3310",1996,2535,1100205,"Porto Velho",11,"RO","Rondônia",1,"Norte",c(-64.51611111, -9.37555556)
"ctb0033-RO3311",1996,1915,1100205,"Porto Velho",11,"RO","Rondônia",1,"Norte",c(-64.50888889, -9.33527778)
"ctb0033-RO3312",1996,2014,1100205,"Porto Velho",11,"RO","Rondônia",1,"Norte",c(-64.56944444, -9.38527778)
"ctb0033-RO3313",1996,4673,1100205,"Porto Velho",11,"RO","Rondônia",1,"Norte",c(-64.55416667, -9.34666667)
"ctb0033-RO3314",1996,10400,1100205,"Porto Velho",11,"RO","Rondônia",1,"Norte",c(-64.78638889, -9.48166667)
"ctb0033-RO3315",1996,2236,1100205,"Porto Velho",11,"RO","Rondônia",1,"Norte",c(-64.80361111, -9.57083333)
"ctb0033-RO3316",1996,865,1100205,"Porto Velho",11,"RO","Rondônia",1,"Norte",c(-64.76777778, -9.57527778)
"ctb0033-RO3317",1996,2254,1100205,"Porto Velho",11,"RO","Rondônia",1,"Norte",c(-64.75083333, -9.61083333)
"ctb0033-RO3318",1996,1606,1100205,"Porto Velho",11,"RO","Rondônia",1,"Norte",c(-64.83555556, -9.54833333)
"ctb0033-RO3319",1996,2264,1100205,"Porto Velho",11,"RO","Rondônia",1,"Norte",c(-65.00277778, -9.57222222)
"ctb0033-RO3320",1996,2359,1100205,"Porto Velho",11,"RO","Rondônia",1,"Norte",c(-64.94416667, -9.59694444)
"ctb0033-RO3321",1996,1565,1100205,"Porto Velho",11,"RO","Rondônia",1,"Norte",c(-64.90583333, -9.61972222)
"ctb0033-RO3322",1996,3275,1100205,"Porto Velho",11,"RO","Rondônia",1,"Norte",c(-64.86611111, -9.57277778)
"ctb0033-RO3323",1996,2571,1100205,"Porto Velho",11,"RO","Rondônia",1,"Norte",c(-64.78083333, -9.51472222)
"ctb0033-RO3325",1996,4035,1100205,"Porto Velho",11,"RO","Rondônia",1,"Norte",c(-65.03416667, -9.39)
"ctb0033-RO3326",1996,177,1100205,"Porto Velho",11,"RO","Rondônia",1,"Norte",c(-65.01666667, -9.4375)
"ctb0033-RO3327",1996,2359,1100205,"Porto Velho",11,"RO","Rondônia",1,"Norte",c(-65.01972222, -9.44583333)
"ctb0033-RO3328",1996,3455,1100205,"Porto Velho",11,"RO","Rondônia",1,"Norte",c(-65.01388889, -9.43972222)
"ctb0033-RO3329",1996,1763,1100205,"Porto Velho",11,"RO","Rondônia",1,"Norte",c(-65.05444444, -9.40805556)
"ctb0033-RO3330",1996,2385,1100205,"Porto Velho",11,"RO","Rondônia",1,"Norte",c(-65.08055556, -9.42055556)
"ctb0033-RO3331",1996,4381,1100205,"Porto Velho",11,"RO","Rondônia",1,"Norte",c(-65.07611111, -9.44638889)
"ctb0033-RO3332",1996,1192,1100205,"Porto Velho",11,"RO","Rondônia",1,"Norte",c(-65.07833333, -9.485)
"ctb0033-RO3333",1996,2261,1100205,"Porto Velho",11,"RO","Rondônia",1,"Norte",c(-65.04694444, -9.495)
"ctb0033-RO3334",1996,2489,1100205,"Porto Velho",11,"RO","Rondônia",1,"Norte",c(-65.12916667, -9.50722222)
"ctb0033-RO3335",1996,1807,1100205,"Porto Velho",11,"RO","Rondônia",1,"Norte",c(-65.12611111, -9.49833333)
"ctb0033-RO3336",1996,4688,1100205,"Porto Velho",11,"RO","Rondônia",1,"Norte",c(-65.11111111, -9.46944444)
"ctb0033-RO3337",1996,4472,1100205,"Porto Velho",11,"RO","Rondônia",1,"Norte",c(-65.02861111, -9.56416667)
"ctb0033-RO3338",1996,2040,1100205,"Porto Velho",11,"RO","Rondônia",1,"Norte",c(-65.04916667, -9.54888889)
"ctb0033-RO3339",1996,2189,1100205,"Porto Velho",11,"RO","Rondônia",1,"Norte",c(-65.04111111, -9.52361111)
"ctb0033-RO3340",1996,3809,1100205,"Porto Velho",11,"RO","Rondônia",1,"Norte",c(-64.87305556, -9.37638889)
"ctb0033-RO3341",1996,1880,1100205,"Porto Velho",11,"RO","Rondônia",1,"Norte",c(-64.87611111, -9.34722222)
"ctb0033-RO3342",1996,3422,1100205,"Porto Velho",11,"RO","Rondônia",1,"Norte",c(-64.87583333, -9.35333333)
"ctb0033-RO3343",1996,3048,1100205,"Porto Velho",11,"RO","Rondônia",1,"Norte",c(-64.87333333, -9.3675)
"ctb0033-RO3344",1996,4244,1100205,"Porto Velho",11,"RO","Rondônia",1,"Norte",c(-64.87666667, -9.37638889)
"ctb0033-RO3345",1996,4135,1100205,"Porto Velho",11,"RO","Rondônia",1,"Norte",c(-64.86861111, -9.37194444)
"ctb0033-RO3346",1996,4205,1100205,"Porto Velho",11,"RO","Rondônia",1,"Norte",c(-64.86388889, -9.36888889)
"ctb0033-RO3347",1996,2553,1100205,"Porto Velho",11,"RO","Rondônia",1,"Norte",c(-64.84861111, -9.365)
"ctb0033-RO3348",1996,1833,1100205,"Porto Velho",11,"RO","Rondônia",1,"Norte",c(-64.79888889, -9.36277778)
"ctb0033-RO3349",1996,2175,1100205,"Porto Velho",11,"RO","Rondônia",1,"Norte",c(-64.83527778, -9.40416667)
"ctb0033-RO3350",1996,2066,1100205,"Porto Velho",11,"RO","Rondônia",1,"Norte",c(-64.83555556, -9.43416667)
"ctb0033-RO3351",1996,6064,1100205,"Porto Velho",11,"RO","Rondônia",1,"Norte",c(-63.96527778, -8.81777778)
"ctb0033-RO3352",1996,5870,1100205,"Porto Velho",11,"RO","Rondônia",1,"Norte",c(-63.95388889, -8.87222222)
"ctb0033-RO3353",1996,2557,1100205,"Porto Velho",11,"RO","Rondônia",1,"Norte",c(-64.02722222, -8.89416667)
"ctb0033-RO3354",1996,6957,1100205,"Porto Velho",11,"RO","Rondônia",1,"Norte",c(-64.06194444, -8.86361111)
"ctb0033-RO3580",1996,1676,1100205,"Porto Velho",11,"RO","Rondônia",1,"Norte",c(-62.91555556, -8.05861111)
"ctb0033-RO3581",1996,6186,1100205,"Porto Velho",11,"RO","Rondônia",1,"Norte",c(-62.89111111, -8.165)
"ctb0033-RO3582",1996,5161,1100205,"Porto Velho",11,"RO","Rondônia",1,"Norte",c(-62.92111111, -8.16388889)
"ctb0033-RO3583",1996,5244,1100205,"Porto Velho",11,"RO","Rondônia",1,"Norte",c(-62.94555556, -8.11972222)
"ctb0033-RO3584",1996,3898,1100205,"Porto Velho",11,"RO","Rondônia",1,"Norte",c(-62.92555556, -8.11888889)
"ctb0033-RO3585",1996,7563,1100205,"Porto Velho",11,"RO","Rondônia",1,"Norte",c(-62.91305556, -8.16694444)
"ctb0033-RO3586",1996,4671,1100205,"Porto Velho",11,"RO","Rondônia",1,"Norte",c(-62.91333333, -8.21888889)
"ctb0033-RO3587",1996,4090,1100205,"Porto Velho",11,"RO","Rondônia",1,"Norte",c(-62.93833333, -8.21861111)
"ctb0033-RO3588",1996,2178,1100205,"Porto Velho",11,"RO","Rondônia",1,"Norte",c(-62.89138889, -8.38138889)
"ctb0033-RO3589",1996,1665,1100205,"Porto Velho",11,"RO","Rondônia",1,"Norte",c(-62.90861111, -8.38)
"ctb0033-RO3590",1996,3816,1100205,"Porto Velho",11,"RO","Rondônia",1,"Norte",c(-62.93194444, -8.38833333)
"ctb0033-RO3591",1996,2535,1100205,"Porto Velho",11,"RO","Rondônia",1,"Norte",c(-62.93861111, -8.3575)
"ctb0033-RO3592",1996,4670,1100205,"Porto Velho",11,"RO","Rondônia",1,"Norte",c(-62.95111111, -8.3475)
"ctb0033-RO3593",1996,2938,1100205,"Porto Velho",11,"RO","Rondônia",1,"Norte",c(-62.96472222, -8.37472222)
"ctb0033-RO3594",1996,2303,1100205,"Porto Velho",11,"RO","Rondônia",1,"Norte",c(-62.99, -8.31555556)
"ctb0033-RO3595",1996,3077,1100205,"Porto Velho",11,"RO","Rondônia",1,"Norte",c(-63.01472222, -8.32333333)
"ctb0033-RO3596",1996,1847,1100205,"Porto Velho",11,"RO","Rondônia",1,"Norte",c(-62.92166667, -8.04527778)
"ctb0033-RO3597",1996,5915,1100205,"Porto Velho",11,"RO","Rondônia",1,"Norte",c(-62.94444444, -8.105)
"ctb0033-RO3598",1996,5469,1100205,"Porto Velho",11,"RO","Rondônia",1,"Norte",c(-62.96555556, -8.16777778)
"ctb0033-RO3599",1996,2859,1100205,"Porto Velho",11,"RO","Rondônia",1,"Norte",c(-63.08833333, -8.17138889)
"ctb0033-RO3700",1996,2564,1100205,"Porto Velho",11,"RO","Rondônia",1,"Norte",c(-63.96222222, -8.9425)
"ctb0033-RO3701",1996,2769,1100205,"Porto Velho",11,"RO","Rondônia",1,"Norte",c(-63.91638889, -8.94555556)
"ctb0033-RO3702",1996,1464,1100205,"Porto Velho",11,"RO","Rondônia",1,"Norte",c(-63.86, -8.94611111)
"ctb0033-RO3703",1996,4547,1100205,"Porto Velho",11,"RO","Rondônia",1,"Norte",c(-63.87555556, -9.02944444)
"ctb0033-RO3704",1996,4870,1100205,"Porto Velho",11,"RO","Rondônia",1,"Norte",c(-63.94666667, -9.04138889)
"ctb0033-RO3705",1996,2418,1100205,"Porto Velho",11,"RO","Rondônia",1,"Norte",c(-64.05888889, -8.88944444)
"ctb0033-RO3706",1996,2621,1100205,"Porto Velho",11,"RO","Rondônia",1,"Norte",c(-63.89527778, -8.89194444)
"ctb0033-RO3707",1996,7865,1100205,"Porto Velho",11,"RO","Rondônia",1,"Norte",c(-63.90583333, -8.86388889)
"ctb0033-RO3708",1996,1055,1100205,"Porto Velho",11,"RO","Rondônia",1,"Norte",c(-63.85833333, -8.89305556)
"ctb0033-RO3709",1996,5216,1100205,"Porto Velho",11,"RO","Rondônia",1,"Norte",c(-63.84972222, -8.8425)
"ctb0033-RO3710",1996,1768,1100205,"Porto Velho",11,"RO","Rondônia",1,"Norte",c(-63.76138889, -8.85194444)
"ctb0033-RO3711",1996,2349,1100205,"Porto Velho",11,"RO","Rondônia",1,"Norte",c(-63.76277778, -8.91583333)
"ctb0033-RO3712",1996,1875,1100205,"Porto Velho",11,"RO","Rondônia",1,"Norte",c(-63.75972222, -8.85694444)
"ctb0033-RO3713",1996,17961,1100205,"Porto Velho",11,"RO","Rondônia",1,"Norte",c(-63.96388889, -8.74833333)
"ctb0033-RO3714",1996,2977,1100205,"Porto Velho",11,"RO","Rondônia",1,"Norte",c(-64.0075, -8.76027778)
"ctb0033-RO3715",1996,2430,1100205,"Porto Velho",11,"RO","Rondônia",1,"Norte",c(-64.13416667, -8.73444444)
"ctb0033-RO3716",1996,7006,1100205,"Porto Velho",11,"RO","Rondônia",1,"Norte",c(-64.08944444, -8.76)
"ctb0033-RO3717",1996,3909,1100205,"Porto Velho",11,"RO","Rondônia",1,"Norte",c(-64.11, -8.82083333)
"ctb0033-RO3718",1996,9104,1100205,"Porto Velho",11,"RO","Rondônia",1,"Norte",c(-64.13027778, -8.82916667)
"ctb0033-RO3719",1996,4125,1100205,"Porto Velho",11,"RO","Rondônia",1,"Norte",c(-64.17111111, -8.96277778)
"ctb0033-RO3720",1996,12908,1100205,"Porto Velho",11,"RO","Rondônia",1,"Norte",c(-64.065, -9.08638889)
"ctb0033-RO3721",1996,6988,1100205,"Porto Velho",11,"RO","Rondônia",1,"Norte",c(-64.04194444, -9.21361111)
"ctb0033-RO3722",1996,7927,1100205,"Porto Velho",11,"RO","Rondônia",1,"Norte",c(-64.04194444, -9.23527778)
"ctb0033-RO3723",1996,1936,1100205,"Porto Velho",11,"RO","Rondônia",1,"Norte",c(-64.04055556, -9.17472222)
"ctb0033-RO3724",1996,2633,1100205,"Porto Velho",11,"RO","Rondônia",1,"Norte",c(-64.06083333, -9.13944444)
"ctb0033-RO3725",1996,5401,1100205,"Porto Velho",11,"RO","Rondônia",1,"Norte",c(-63.38277778, -7.97972222)
"ctb0033-RO3726",1996,3096,1100205,"Porto Velho",11,"RO","Rondônia",1,"Norte",c(-63.38805556, -7.97833333)
"ctb0033-RO3727",1996,2815,1100205,"Porto Velho",11,"RO","Rondônia",1,"Norte",c(-63.43277778, -8.01833333)
"ctb0033-RO3728",1996,2646,1100205,"Porto Velho",11,"RO","Rondônia",1,"Norte",c(-63.52666667, -8.01472222)
"ctb0033-RO3729",1996,3874,1100205,"Porto Velho",11,"RO","Rondônia",1,"Norte",c(-63.525, -8.04194444)
"ctb0033-RO3730",1996,4044,1100205,"Porto Velho",11,"RO","Rondônia",1,"Norte",c(-63.54361111, -8.07416667)
"ctb0033-RO3731",1996,2893,1100205,"Porto Velho",11,"RO","Rondônia",1,"Norte",c(-63.6075, -8.08444444)
"ctb0033-RO3734",1996,8882,1100205,"Porto Velho",11,"RO","Rondônia",1,"Norte",c(-63.86527778, -8.34777778)
"ctb0033-RO3735",1996,2523,1100205,"Porto Velho",11,"RO","Rondônia",1,"Norte",c(-63.88083333, -8.35277778)
"ctb0033-RO3736",1996,4556,1100205,"Porto Velho",11,"RO","Rondônia",1,"Norte",c(-63.93388889, -8.35694444)
"ctb0033-RO3737",1996,3524,1100205,"Porto Velho",11,"RO","Rondônia",1,"Norte",c(-63.94333333, -8.40361111)
"ctb0033-RO3738",1996,3223,1100205,"Porto Velho",11,"RO","Rondônia",1,"Norte",c(-63.97027778, -8.49444444)
"ctb0033-RO3739",1996,10739,1100205,"Porto Velho",11,"RO","Rondônia",1,"Norte",c(-63.93916667, -8.49416667)
"ctb0033-RO3740",1996,4464,1100205,"Porto Velho",11,"RO","Rondônia",1,"Norte",c(-63.94666667, -8.61805556)
"ctb0033-RO3741",1996,1746,1100205,"Porto Velho",11,"RO","Rondônia",1,"Norte",c(-63.96083333, -8.62333333)
"ctb0033-RO3742",1996,2065,1100205,"Porto Velho",11,"RO","Rondônia",1,"Norte",c(-63.98027778, -8.63638889)
"ctb0033-RO3743",1996,4558,1100205,"Porto Velho",11,"RO","Rondônia",1,"Norte",c(-63.95166667, -8.72083333)
"ctb0033-RO3745",1996,2060,1100205,"Porto Velho",11,"RO","Rondônia",1,"Norte",c(-64.185, -9.1075)
"ctb0033-RO3746",1996,8354,1100205,"Porto Velho",11,"RO","Rondônia",1,"Norte",c(-64.18277778, -9.07027778)
"ctb0033-RO3747",1996,4980,1100205,"Porto Velho",11,"RO","Rondônia",1,"Norte",c(-64.08666667, -9.04166667)
"ctb0033-RO3748",1996,3621,1100205,"Porto Velho",11,"RO","Rondônia",1,"Norte",c(-64.0525, -9.01694444)
"ctb0033-RO3749",1996,4039,1100205,"Porto Velho",11,"RO","Rondônia",1,"Norte",c(-63.835, -9.04527778)
"ctb0033-RO3750",1996,3469,1100205,"Porto Velho",11,"RO","Rondônia",1,"Norte",c(-63.82305556, -9.12305556)
"ctb0033-RO3893",1996,1919,1100205,"Porto Velho",11,"RO","Rondônia",1,"Norte",c(-64.28305556, -9.11305556)
"ctb0033-RO3894",1996,2336,1100205,"Porto Velho",11,"RO","Rondônia",1,"Norte",c(-64.27194444, -9.12833333)
"ctb0033-RO3895",1996,3607,1100205,"Porto Velho",11,"RO","Rondônia",1,"Norte",c(-64.31944444, -9.14527778)
"ctb0033-RO3896",1996,2428,1100205,"Porto Velho",11,"RO","Rondônia",1,"Norte",c(-64.25111111, -9.1775)
"ctb0033-RO3897",1996,2800,1100205,"Porto Velho",11,"RO","Rondônia",1,"Norte",c(-64.33861111, -9.285)
"ctb0033-RO3898",1996,1966,1100205,"Porto Velho",11,"RO","Rondônia",1,"Norte",c(-64.34916667, -9.24888889)
"ctb0033-RO3899",1996,1171,1100205,"Porto Velho",11,"RO","Rondônia",1,"Norte",c(-64.31861111, -9.19166667)
"ctb0053-RO_106_GRANEL",2015,2263,1100205,"Porto Velho",11,"RO","Rondônia",1,"Norte",c(-65.8799874376248, -9.53985972020336)
"ctb0053-RO_106_INDEFORMADA",2015,3395,1100205,"Porto Velho",11,"RO","Rondônia",1,"Norte",c(-65.8802045618158, -9.53955168480583)
"ctb0053-RO_107_GRANEL",2015,3284,1100205,"Porto Velho",11,"RO","Rondônia",1,"Norte",c(-65.7004284726621, -9.53959587079614)
"ctb0053-RO_107_INDEFORMADA",2015,3584,1100205,"Porto Velho",11,"RO","Rondônia",1,"Norte",c(-65.6999353953394, -9.54035844906674)
"ctb0053-RO_10_GRANEL",2015,8853,1100205,"Porto Velho",11,"RO","Rondônia",1,"Norte",c(-63.0001206767965, -8.28008827569506)
"ctb0053-RO_10_INDEFORMADA",2015,8776,1100205,"Porto Velho",11,"RO","Rondônia",1,"Norte",c(-62.9999176247069, -8.2803037675773)
"ctb0053-RO_110_GRANEL",2015,4563,1100205,"Porto Velho",11,"RO","Rondônia",1,"Norte",c(-65.1599369360544, -9.53967383721576)
"ctb0053-RO_110_INDEFORMADA",2015,5017,1100205,"Porto Velho",11,"RO","Rondônia",1,"Norte",c(-65.159636926237, -9.54004070464361)
"ctb0053-RO_113_GRANEL",2015,3292,1100205,"Porto Velho",11,"RO","Rondônia",1,"Norte",c(-64.6198681545386, -9.53964901233199)
"ctb0053-RO_113_INDEFORMADA",2015,4374,1100205,"Porto Velho",11,"RO","Rondônia",1,"Norte",c(-64.6200882594684, -9.53984245110345)
"ctb0053-RO_114_GRANEL",2015,4373,1100205,"Porto Velho",11,"RO","Rondônia",1,"Norte",c(-64.4403530054543, -9.53960787190753)
"ctb0053-RO_114_INDEFORMADA",2015,4076,1100205,"Porto Velho",11,"RO","Rondônia",1,"Norte",c(-64.4395284899025, -9.53971433390877)
"ctb0053-RO_117_GRANEL",2014,4164,1100205,"Porto Velho",11,"RO","Rondônia",1,"Norte",c(-63.9000320140078, -9.54038206190467)
"ctb0053-RO_117_INDEFORMADA",2014,3993,1100205,"Porto Velho",11,"RO","Rondônia",1,"Norte",c(-63.9003583991812, -9.53966837602486)
"ctb0053-RO_11_GRANEL",2015,3025,1100205,"Porto Velho",11,"RO","Rondônia",1,"Norte",c(-62.8204421542476, -8.28016393657068)
"ctb0053-RO_11_INDEFORMADA",2015,3423,1100205,"Porto Velho",11,"RO","Rondônia",1,"Norte",c(-62.8197203359699, -8.27958192132336)
"ctb0053-RO_131_GRANEL",2015,1518,1100205,"Porto Velho",11,"RO","Rondônia",1,"Norte",c(-66.5999961282407, -9.72001235875074)
"ctb0053-RO_131_INDEFORMADA",2015,1828,1100205,"Porto Velho",11,"RO","Rondônia",1,"Norte",c(-66.5999609992641, -9.72034121235963)
"ctb0053-RO_132_GRANEL",2015,2790,1100205,"Porto Velho",11,"RO","Rondônia",1,"Norte",c(-66.4204447514237, -9.71985908915333)
"ctb0053-RO_132_INDEFORMADA",2015,3628,1100205,"Porto Velho",11,"RO","Rondônia",1,"Norte",c(-66.4198568154167, -9.72041879389906)
"ctb0053-RO_133_GRANEL",2015,4509,1100205,"Porto Velho",11,"RO","Rondônia",1,"Norte",c(-66.2398013047078, -9.71996035190419)
"ctb0053-RO_133_INDEFORMADA",2015,5071,1100205,"Porto Velho",11,"RO","Rondônia",1,"Norte",c(-66.240404616897, -9.72018785757375)
"ctb0053-RO_134_GRANEL",2015,4325,1100205,"Porto Velho",11,"RO","Rondônia",1,"Norte",c(-66.0603950209389, -9.72040486318909)
"ctb0053-RO_134_INDEFORMADA",2015,5654,1100205,"Porto Velho",11,"RO","Rondônia",1,"Norte",c(-66.0599216715939, -9.72009192298266)
"ctb0053-RO_135_GRANEL",2015,3763,1100205,"Porto Velho",11,"RO","Rondônia",1,"Norte",c(-65.87979606754, -9.7203158285837)
"ctb0053-RO_135_INDEFORMADA",2015,4157,1100205,"Porto Velho",11,"RO","Rondônia",1,"Norte",c(-65.8796484984528, -9.71988659048986)
"ctb0053-RO_136_GRANEL",2015,2937,1100205,"Porto Velho",11,"RO","Rondônia",1,"Norte",c(-65.7000592090654, -9.71983474662181)
"ctb0053-RO_136_INDEFORMADA",2015,3129,1100205,"Porto Velho",11,"RO","Rondônia",1,"Norte",c(-65.7002269436784, -9.71956355678257)
"ctb0053-RO_13_GRANEL",2014,3843,1100205,"Porto Velho",11,"RO","Rondônia",1,"Norte",c(-63.9000873263973, -8.46015923651099)
"ctb0053-RO_13_INDEFORMADA",2014,4043,1100205,"Porto Velho",11,"RO","Rondônia",1,"Norte",c(-63.8997323562066, -8.46037808744136)
"ctb0053-RO_140_GRANEL",2015,3169,1100205,"Porto Velho",11,"RO","Rondônia",1,"Norte",c(-64.9800987629827, -9.72029334775241)
"ctb0053-RO_140_INDEFORMADA",2015,3102,1100205,"Porto Velho",11,"RO","Rondônia",1,"Norte",c(-64.9803605176908, -9.71990031872538)
"ctb0053-RO_141_GRANEL",2015,2700,1100205,"Porto Velho",11,"RO","Rondônia",1,"Norte",c(-64.7999355215532, -9.72009480525318)
"ctb0053-RO_141_INDEFORMADA",2015,3734,1100205,"Porto Velho",11,"RO","Rondônia",1,"Norte",c(-64.8004210212582, -9.71963282633135)
"ctb0053-RO_142_GRANEL",2015,4968,1100205,"Porto Velho",11,"RO","Rondônia",1,"Norte",c(-64.6199390420804, -9.7199468949714)
"ctb0053-RO_143_GRANEL",2015,5043,1100205,"Porto Velho",11,"RO","Rondônia",1,"Norte",c(-64.4396885721241, -9.71965871829425)
"ctb0053-RO_143_INDEFORMADA",2015,5587,1100205,"Porto Velho",11,"RO","Rondônia",1,"Norte",c(-64.4403202196521, -9.72024473763826)
"ctb0053-RO_146_GRANEL",2014,3764,1100205,"Porto Velho",11,"RO","Rondônia",1,"Norte",c(-63.9002144496482, -9.71977446672365)
"ctb0053-RO_146_INDEFORMADA",2014,4403,1100205,"Porto Velho",11,"RO","Rondônia",1,"Norte",c(-63.9002746242828, -9.72036843700564)
"ctb0053-RO_147_GRANEL",2014,4290,1100205,"Porto Velho",11,"RO","Rondônia",1,"Norte",c(-63.7202283930687, -9.71961765603808)
"ctb0053-RO_147_INDEFORMADA",2014,3415,1100205,"Porto Velho",11,"RO","Rondônia",1,"Norte",c(-63.7203378355669, -9.71979743554728)
"ctb0053-RO_159_GRANEL",2015,4354,1100205,"Porto Velho",11,"RO","Rondônia",1,"Norte",c(-65.1603805626447, -9.90027321265283)
"ctb0053-RO_159_INDEFORMADA",2015,4550,1100205,"Porto Velho",11,"RO","Rondônia",1,"Norte",c(-65.1602603864543, -9.90021006791917)
"ctb0053-RO_15_GRANEL",2014,7634,1100205,"Porto Velho",11,"RO","Rondônia",1,"Norte",c(-63.5404799387702, -8.46008262192535)
"ctb0053-RO_15_INDEFORMADA",2014,6907,1100205,"Porto Velho",11,"RO","Rondônia",1,"Norte",c(-63.540164687844, -8.46023069985351)
"ctb0053-RO_160_GRANEL",2015,4712,1100205,"Porto Velho",11,"RO","Rondônia",1,"Norte",c(-64.9796520382047, -9.89984121551717)
"ctb0053-RO_160_INDEFORMADA",2015,4394,1100205,"Porto Velho",11,"RO","Rondônia",1,"Norte",c(-64.9795542482081, -9.8999055409822)
"ctb0053-RO_161_GRANEL",2015,4700,1100205,"Porto Velho",11,"RO","Rondônia",1,"Norte",c(-64.7998230951527, -9.89952150589161)
"ctb0053-RO_161_INDEFORMADA",2015,2780,1100205,"Porto Velho",11,"RO","Rondônia",1,"Norte",c(-64.7998778550002, -9.89965815718238)
"ctb0053-RO_162_GRANEL",2015,5274,1100205,"Porto Velho",11,"RO","Rondônia",1,"Norte",c(-64.6197964921948, -9.89993727364937)
"ctb0053-RO_162_INDEFORMADA",2015,4061,1100205,"Porto Velho",11,"RO","Rondônia",1,"Norte",c(-64.6199679358789, -9.89979645880111)
"ctb0053-RO_16_GRANEL",2015,3786,1100205,"Porto Velho",11,"RO","Rondônia",1,"Norte",c(-63.3603379592118, -8.45957376187399)
"ctb0053-RO_16_INDEFORMADA",2015,2948,1100205,"Porto Velho",11,"RO","Rondônia",1,"Norte",c(-63.3596924248138, -8.45960192043693)
"ctb0053-RO_18_GRANEL",2015,4106,1100205,"Porto Velho",11,"RO","Rondônia",1,"Norte",c(-62.999706185725, -8.45967919956464)
"ctb0053-RO_18_INDEFORMADA",2015,5913,1100205,"Porto Velho",11,"RO","Rondônia",1,"Norte",c(-62.9995859506139, -8.4595430720897)
"ctb0053-RO_19_GRANEL",2015,4391,1100205,"Porto Velho",11,"RO","Rondônia",1,"Norte",c(-62.8203794975189, -8.46042419271713)
"ctb0053-RO_19_INDEFORMADA",2015,2067,1100205,"Porto Velho",11,"RO","Rondônia",1,"Norte",c(-62.8201268406565, -8.46029930755667)
"ctb0053-RO_1_GRANEL",2015,5825,1100205,"Porto Velho",11,"RO","Rondônia",1,"Norte",c(-63.539792767584, -8.10027842633032)
"ctb0053-RO_1_INDEFORMADA",2015,5855,1100205,"Porto Velho",11,"RO","Rondônia",1,"Norte",c(-63.5403699221017, -8.09975837318802)
"ctb0053-RO_20_GRANEL",2015,3605,1100205,"Porto Velho",11,"RO","Rondônia",1,"Norte",c(-62.6396186852337, -8.45955300562042)
"ctb0053-RO_20_INDEFORMADA",2015,4750,1100205,"Porto Velho",11,"RO","Rondônia",1,"Norte",c(-62.6402198610455, -8.46032740006058)
"ctb0053-RO_22_GRANEL",2014,1151,1100205,"Porto Velho",11,"RO","Rondônia",1,"Norte",c(-63.8997550379587, -8.64005842706537)
"ctb0053-RO_22_INDEFORMADA",2014,1252,1100205,"Porto Velho",11,"RO","Rondônia",1,"Norte",c(-63.8996512966039, -8.63956261359282)
"ctb0053-RO_23_GRANEL",2014,3471,1100205,"Porto Velho",11,"RO","Rondônia",1,"Norte",c(-63.7198466361215, -8.64015605212576)
"ctb0053-RO_23_INDEFORMADA",2014,5449,1100205,"Porto Velho",11,"RO","Rondônia",1,"Norte",c(-63.7198085459928, -8.64024940060427)
"ctb0053-RO_2_GRANEL",2015,2976,1100205,"Porto Velho",11,"RO","Rondônia",1,"Norte",c(-63.3611600084297, -8.09992370042913)
"ctb0053-RO_2_INDEFORMADA",2015,3265,1100205,"Porto Velho",11,"RO","Rondônia",1,"Norte",c(-63.3610515587343, -8.10024721493143)
"ctb0053-RO_32_GRANEL",2014,5084,1100205,"Porto Velho",11,"RO","Rondônia",1,"Norte",c(-64.0801099856661, -8.82029980615748)
"ctb0053-RO_32_INDEFORMADA",2014,5238,1100205,"Porto Velho",11,"RO","Rondônia",1,"Norte",c(-64.0804032971552, -8.81971656926058)
"ctb0053-RO_33_GRANEL",2014,4727,1100205,"Porto Velho",11,"RO","Rondônia",1,"Norte",c(-63.9004131228788, -8.81958227818544)
"ctb0053-RO_33_INDEFORMADA",2014,5497,1100205,"Porto Velho",11,"RO","Rondônia",1,"Norte",c(-63.8996591562799, -8.81985328155353)
"ctb0053-RO_34_GRANEL",2014,4192,1100205,"Porto Velho",11,"RO","Rondônia",1,"Norte",c(-63.7198179352269, -8.8198050681725)
"ctb0053-RO_34_INDEFORMADA",2014,4719,1100205,"Porto Velho",11,"RO","Rondônia",1,"Norte",c(-63.7197459461078, -8.82042470664068)
"ctb0053-RO_47_GRANEL",2014,2845,1100205,"Porto Velho",11,"RO","Rondônia",1,"Norte",c(-64.4403651049535, -9.00044668333764)
"ctb0053-RO_47_INDEFORMADA",2014,2949,1100205,"Porto Velho",11,"RO","Rondônia",1,"Norte",c(-64.4402164651558, -9.00042975331966)
"ctb0053-RO_48_GRANEL",2014,7722,1100205,"Porto Velho",11,"RO","Rondônia",1,"Norte",c(-64.2600102285037, -9.00021260665517)
"ctb0053-RO_49_GRANEL",2014,2844,1100205,"Porto Velho",11,"RO","Rondônia",1,"Norte",c(-64.0802032795359, -8.99998805662353)
"ctb0053-RO_4_GRANEL",2015,3227,1100205,"Porto Velho",11,"RO","Rondônia",1,"Norte",c(-62.9996041119316, -8.09961552796355)
"ctb0053-RO_4_INDEFORMADA",2015,2411,1100205,"Porto Velho",11,"RO","Rondônia",1,"Norte",c(-62.999678096412, -8.09977947581316)
"ctb0053-RO_50_GRANEL",2014,5034,1100205,"Porto Velho",11,"RO","Rondônia",1,"Norte",c(-63.9002388763599, -8.99971634782625)
"ctb0053-RO_50_INDEFORMADA",2014,5935,1100205,"Porto Velho",11,"RO","Rondônia",1,"Norte",c(-63.8998522964982, -9.00042575615828)
"ctb0053-RO_5_GRANEL",2015,4004,1100205,"Porto Velho",11,"RO","Rondônia",1,"Norte",c(-62.8199878817147, -8.10019812573636)
"ctb0053-RO_5_INDEFORMADA",2015,4863,1100205,"Porto Velho",11,"RO","Rondônia",1,"Norte",c(-62.8198928675701, -8.1004332960009)
"ctb0053-RO_65_GRANEL",2014,2563,1100205,"Porto Velho",11,"RO","Rondônia",1,"Norte",c(-64.6197440163456, -9.18016720543947)
"ctb0053-RO_65_INDEFORMADA",2014,2261,1100205,"Porto Velho",11,"RO","Rondônia",1,"Norte",c(-64.6201352349402, -9.18009693991107)
"ctb0053-RO_67_GRANEL",2014,5212,1100205,"Porto Velho",11,"RO","Rondônia",1,"Norte",c(-64.2602939569452, -9.17968888525564)
"ctb0053-RO_67_INDEFORMADA",2014,4991,1100205,"Porto Velho",11,"RO","Rondônia",1,"Norte",c(-64.2596498848229, -9.17977135325873)
"ctb0053-RO_68_GRANEL",2014,4071,1100205,"Porto Velho",11,"RO","Rondônia",1,"Norte",c(-64.0802549893791, -9.18007316862188)
"ctb0053-RO_68_INDEFORMADA",2014,5017,1100205,"Porto Velho",11,"RO","Rondônia",1,"Norte",c(-64.0797603361769, -9.17955918247408)
"ctb0053-RO_69_GRANEL",2014,4711,1100205,"Porto Velho",11,"RO","Rondônia",1,"Norte",c(-63.8999342368905, -9.17979962009268)
"ctb0053-RO_69_INDEFORMADA",2014,5896,1100205,"Porto Velho",11,"RO","Rondônia",1,"Norte",c(-63.9004904621502, -9.18003596576958)
"ctb0053-RO_6_GRANEL",2015,6034,1100205,"Porto Velho",11,"RO","Rondônia",1,"Norte",c(-63.7196982337089, -8.2801468819264)
"ctb0053-RO_6_INDEFORMADA",2015,6663,1100205,"Porto Velho",11,"RO","Rondônia",1,"Norte",c(-63.7198463542345, -8.28025014313428)
"ctb0053-RO_85_GRANEL",2015,4414,1100205,"Porto Velho",11,"RO","Rondônia",1,"Norte",c(-64.7998525297337, -9.3601518280456)
"ctb0053-RO_85_INDEFORMADA",2015,3666,1100205,"Porto Velho",11,"RO","Rondônia",1,"Norte",c(-64.7996328345938, -9.35975560457492)
"ctb0053-RO_86_GRANEL",2015,4279,1100205,"Porto Velho",11,"RO","Rondônia",1,"Norte",c(-64.6197160353307, -9.35990069444686)
"ctb0053-RO_86_INDEFORMADA",2015,4322,1100205,"Porto Velho",11,"RO","Rondônia",1,"Norte",c(-64.6203195440855, -9.36007997293258)
"ctb0053-RO_88_GRANEL",2015,4761,1100205,"Porto Velho",11,"RO","Rondônia",1,"Norte",c(-64.2602327504582, -9.35968415540962)
"ctb0053-RO_88_INDEFORMADA",2015,5818,1100205,"Porto Velho",11,"RO","Rondônia",1,"Norte",c(-64.2603461725483, -9.36026871037767)
"ctb0053-RO_8_GRANEL",2015,2190,1100205,"Porto Velho",11,"RO","Rondônia",1,"Norte",c(-63.359971601837, -8.27991758744671)
"ctb0053-RO_8_INDEFORMADA",2015,2391,1100205,"Porto Velho",11,"RO","Rondônia",1,"Norte",c(-63.3603663386419, -8.27956090468735)
"ctb0053-RO_9_GRANEL",2015,3038,1100205,"Porto Velho",11,"RO","Rondônia",1,"Norte",c(-63.1799799346504, -8.27961602917612)
"ctb0053-RO_9_INDEFORMADA",2015,3536,1100205,"Porto Velho",11,"RO","Rondônia",1,"Norte",c(-63.1796828632971, -8.28024193430078)
"ctb0713-81",NA,2745,1100205,"Porto Velho",11,"RO","Rondônia",1,"Norte",c(-64.06667, -9.266667)
"ctb0713-84",NA,4264,1100205,"Porto Velho",11,"RO","Rondônia",1,"Norte",c(-66.7667, -9.7667)
"ctb0713-85",NA,4042,1100205,"Porto Velho",11,"RO","Rondônia",1,"Norte",c(-66.4833, -9.7833)
"ctb0751-11",NA,5385,1100205,"Porto Velho",11,"RO","Rondônia",1,"Norte",c(-63.5667, -8.6667)
"ctb0751-13",NA,2561,1100205,"Porto Velho",11,"RO","Rondônia",1,"Norte",c(-63.31667, -8.25)
"ctb0751-23",NA,5030,1100205,"Porto Velho",11,"RO","Rondônia",1,"Norte",c(-63.51667, -8.483333)
"ctb0751-24",NA,10266,1100205,"Porto Velho",11,"RO","Rondônia",1,"Norte",c(-63.98333, -8.766667)
"ctb0751-60",NA,3875,1100205,"Porto Velho",11,"RO","Rondônia",1,"Norte",c(-64.58333, -9.666667)
"ctb0751-61",NA,6918,1100205,"Porto Velho",11,"RO","Rondônia",1,"Norte",c(-65.26667, -9.75)
"ctb0751-76",NA,3052,1100205,"Porto Velho",11,"RO","Rondônia",1,"Norte",c(-64.16667, -9.816667)
"ctb0751-79",NA,2749,1100205,"Porto Velho",11,"RO","Rondônia",1,"Norte",c(-64.76667, -9.433333)
